,x_data,y_data
0,813.0891866084285,558.5371393656802
1,1695.737030022507,1508.2500225446686
